original_index,username,iteration,phase,time,gaze_x,gaze_y,speed,matrix_x,matrix_y,density,row_label
9,0903-4-lcr,1.0,word,1693723376.0335324,327.0,135.0,121.67168939404104,1.0,0.0,0,1
10,0903-4-lcr,1.0,word,1693723376.0648267,396.00000000000006,171.99999999999997,78.29431652425353,1.0,0.0,4,1
11,0903-4-lcr,1.0,word,1693723376.0969796,432.0,178.99999999999997,36.6742416417845,1.0,0.0,9,1
12,0903-4-lcr,1.0,word,1693723376.1291394,436.9999999999998,178.00000000000003,5.0990195135927845,1.0,0.0,9,1
13,0903-4-lcr,1.0,word,1693723376.1452248,435.9999999999999,176.99999999999994,1.4142135623730951,1.0,0.0,8,1
14,0903-4-lcr,1.0,word,1693723376.1775854,434.9999999999999,179.0,2.23606797749979,1.0,0.0,9,1
15,0903-4-lcr,1.0,word,1693723376.208736,432.9999999999999,180.00000000000003,2.23606797749979,1.0,0.0,9,1
16,0903-4-lcr,1.0,word,1693723376.2407165,431.0,179.0,2.23606797749979,1.0,0.0,9,1
17,0903-4-lcr,1.0,word,1693723376.2728794,435.9999999999998,179.99999999999997,5.0990195135927845,1.0,0.0,8,1
18,0903-4-lcr,1.0,word,1693723376.3055146,451.0,177.0,15.297058540778355,1.0,0.0,10,1
19,0903-4-lcr,1.0,word,1693723376.337472,464.0,173.00000000000003,13.601470508735444,1.0,0.0,12,1
20,0903-4-lcr,1.0,word,1693723376.369614,476.00000000000006,172.00000000000003,12.041594578792296,1.0,0.0,7,1
21,0903-4-lcr,1.0,word,1693723376.4007535,485.9999999999999,170.99999999999997,10.04987562112089,1.0,0.0,6,1
22,0903-4-lcr,1.0,word,1693723376.4167814,494.0,171.99999999999994,8.06225774829855,1.0,0.0,6,1
23,0903-4-lcr,1.0,word,1693723376.4487429,500.0,172.99999999999994,6.082762530298219,1.0,0.0,7,1
24,0903-4-lcr,1.0,word,1693723376.4810014,511.9999999999999,173.0,12.0,1.0,0.0,7,1
25,0903-4-lcr,1.0,word,1693723376.5132537,527.0,172.9999999999999,15.0,1.0,0.0,7,1
26,0903-4-lcr,1.0,word,1693723376.5453198,537.9999999999998,173.99999999999997,11.04536101718726,1.0,0.0,8,1
27,0903-4-lcr,1.0,word,1693723376.5767462,548.0,175.00000000000003,10.04987562112089,1.0,0.0,8,1
28,0903-4-lcr,1.0,word,1693723376.6087224,553.9999999999999,175.0,6.0,1.0,0.0,8,1
29,0903-4-lcr,1.0,word,1693723376.6407533,560.0,176.0,6.082762530298219,1.0,0.0,10,1
30,0903-4-lcr,1.0,word,1693723376.6567202,568.9999999999999,176.99999999999997,9.055385138137416,1.0,0.0,13,1
31,0903-4-lcr,1.0,word,1693723376.6887498,577.0,177.00000000000003,8.0,1.0,0.0,15,1
32,0903-4-lcr,1.0,word,1693723376.72109,583.9999999999999,178.00000000000003,7.071067811865476,1.0,0.0,15,1
33,0903-4-lcr,1.0,word,1693723376.7527072,589.0000000000001,178.00000000000003,5.0,1.0,0.0,15,1
34,0903-4-lcr,1.0,word,1693723376.7852206,594.9999999999998,178.99999999999994,6.082762530298219,1.0,0.0,15,1
35,0903-4-lcr,1.0,word,1693723376.8174007,598.9999999999999,181.0,4.47213595499958,1.0,0.0,16,1
36,0903-4-lcr,1.0,word,1693723376.8495538,600.9999999999999,182.00000000000003,2.23606797749979,1.0,0.0,15,1
37,0903-4-lcr,1.0,word,1693723376.8806388,603.0,182.99999999999997,2.23606797749979,1.0,0.0,15,1
38,0903-4-lcr,1.0,word,1693723376.912984,605.0,184.0,2.23606797749979,1.0,0.0,15,1
39,0903-4-lcr,1.0,word,1693723376.929026,606.0,185.0,1.4142135623730951,1.0,0.0,15,1
40,0903-4-lcr,1.0,word,1693723376.9607656,608.0000000000001,186.00000000000003,2.23606797749979,1.0,0.0,14,1
41,0903-4-lcr,1.0,word,1693723376.9932222,610.9999999999998,187.99999999999997,3.605551275463989,1.0,0.0,14,1
42,0903-4-lcr,1.0,word,1693723377.0247235,619.0,188.00000000000003,8.0,1.0,0.0,13,1
43,0903-4-lcr,1.0,word,1693723377.056633,625.9999999999998,188.0,7.0,1.0,0.0,13,1
44,0903-4-lcr,1.0,word,1693723377.0889692,630.9999999999999,189.0,5.0990195135927845,1.0,0.0,12,1
45,0903-4-lcr,1.0,word,1693723377.121128,636.0,188.00000000000003,5.0990195135927845,1.0,0.0,11,1
46,0903-4-lcr,1.0,word,1693723377.1534474,659.0,186.0,23.08679276123039,1.0,0.0,4,1
47,0903-4-lcr,1.0,word,1693723377.1850147,689.0,185.0,30.01666203960727,1.0,0.0,2,1
48,0903-4-lcr,1.0,word,1693723377.201014,714.0,183.0,25.079872407968907,1.0,0.0,3,1
49,0903-4-lcr,1.0,word,1693723377.233097,733.9999999999998,184.0,20.024984394500787,1.0,0.0,4,1
50,0903-4-lcr,1.0,word,1693723377.2653508,748.9999999999998,186.0,15.132745950421556,1.0,0.0,10,1
51,0903-4-lcr,1.0,word,1693723377.2973042,760.0,187.0,11.04536101718726,1.0,0.0,9,1
52,0903-4-lcr,1.0,word,1693723377.3294497,767.9999999999999,188.00000000000003,8.06225774829855,1.0,0.0,10,1
53,0903-4-lcr,1.0,word,1693723377.3617134,773.9999999999998,189.0,6.082762530298219,1.0,0.0,9,1
54,0903-4-lcr,1.0,word,1693723377.3927252,777.9999999999999,189.00000000000003,4.0,1.0,0.0,9,1
55,0903-4-lcr,1.0,word,1693723377.424722,781.9999999999998,189.0,4.0,1.0,0.0,9,1
56,0903-4-lcr,1.0,word,1693723377.456669,784.9999999999999,188.00000000000003,3.1622776601683795,1.0,0.0,10,1
57,0903-4-lcr,1.0,word,1693723377.4736147,787.0,189.0,2.23606797749979,1.0,0.0,10,1
58,0903-4-lcr,1.0,word,1693723377.5047672,787.9999999999999,189.99999999999991,1.4142135623730951,1.0,0.0,10,1
59,0903-4-lcr,1.0,word,1693723377.53737,803.0,190.0,15.0,1.0,0.0,9,1
60,0903-4-lcr,1.0,word,1693723377.568994,824.0,190.00000000000003,21.0,1.0,0.0,6,1
61,0903-4-lcr,1.0,word,1693723377.6011798,841.9999999999998,189.99999999999997,18.0,1.0,0.0,21,1
62,0903-4-lcr,1.0,word,1693723377.6336272,857.9999999999999,191.0,16.0312195418814,1.0,0.0,29,1
63,0903-4-lcr,1.0,word,1693723377.6648777,869.9999999999999,190.99999999999997,12.0,1.0,0.0,29,1
64,0903-4-lcr,1.0,word,1693723377.6969397,879.9999999999998,191.0,10.0,1.0,0.0,30,1
65,0903-4-lcr,1.0,word,1693723377.729045,886.9999999999998,190.0,7.071067811865476,1.0,0.0,32,1
66,0903-4-lcr,1.0,word,1693723377.744934,892.9999999999999,191.00000000000003,6.082762530298219,1.0,0.0,38,1
67,0903-4-lcr,1.0,word,1693723377.7769222,892.9999999999999,191.00000000000003,0.0,1.0,0.0,38,1
68,0903-4-lcr,1.0,word,1693723377.8092816,887.9999999999999,191.0,5.0,1.0,0.0,32,1
69,0903-4-lcr,1.0,word,1693723377.8415637,883.9999999999999,191.99999999999997,4.123105625617661,1.0,0.0,32,1
70,0903-4-lcr,1.0,word,1693723377.8728611,882.0000000000001,192.00000000000003,2.0,1.0,0.0,30,1
71,0903-4-lcr,1.0,word,1693723377.9053335,880.9999999999999,192.0,1.0,1.0,0.0,31,1
72,0903-4-lcr,1.0,word,1693723377.9373567,879.9999999999998,191.99999999999997,1.0,1.0,0.0,30,1
73,0903-4-lcr,1.0,word,1693723377.9687047,877.9999999999998,191.99999999999997,2.0,1.0,0.0,30,1
74,0903-4-lcr,1.0,word,1693723378.001205,875.9999999999999,192.0,2.0,1.0,0.0,30,1
75,0903-4-lcr,1.0,word,1693723378.0172062,875.0,191.99999999999997,1.0,1.0,0.0,30,1
76,0903-4-lcr,1.0,word,1693723378.0495286,871.9999999999998,192.00000000000003,3.0,1.0,0.0,29,1
77,0903-4-lcr,1.0,word,1693723378.081096,872.9999999999999,191.00000000000003,1.4142135623730951,1.0,0.0,30,1
78,0903-4-lcr,1.0,word,1693723378.1132388,874.9999999999998,190.99999999999997,2.0,1.0,0.0,30,1
79,0903-4-lcr,1.0,word,1693723378.145343,877.0000000000001,190.00000000000009,2.23606797749979,1.0,0.0,30,1
80,0903-4-lcr,1.0,word,1693723378.1776464,878.9999999999999,189.99999999999997,2.0,1.0,0.0,30,1
81,0903-4-lcr,1.0,word,1693723378.2095304,880.9999999999999,189.0,2.23606797749979,1.0,0.0,30,1
82,0903-4-lcr,1.0,word,1693723378.2407093,882.9999999999998,188.99999999999997,2.0,1.0,0.0,30,1
83,0903-4-lcr,1.0,word,1693723378.2726822,880.9999999999999,189.0,2.0,1.0,0.0,30,1
84,0903-4-lcr,1.0,word,1693723378.2886984,879.9999999999999,189.00000000000003,1.0,1.0,0.0,30,1
85,0903-4-lcr,1.0,word,1693723378.3207836,877.9999999999998,189.00000000000003,2.0,1.0,0.0,30,1
86,0903-4-lcr,1.0,word,1693723378.3532572,876.9999999999998,189.0,1.0,1.0,0.0,30,1
87,0903-4-lcr,1.0,word,1693723378.3853984,879.9999999999999,187.99999999999997,3.1622776601683795,1.0,0.0,30,1
88,0903-4-lcr,1.0,word,1693723378.416675,885.9999999999999,187.00000000000003,6.082762530298219,1.0,0.0,30,1
89,0903-4-lcr,1.0,word,1693723378.4489658,893.9999999999999,185.99999999999997,8.06225774829855,1.0,0.0,37,1
90,0903-4-lcr,1.0,word,1693723378.4809692,903.0,185.00000000000003,9.055385138137416,1.0,0.0,40,1
91,0903-4-lcr,1.0,word,1693723378.5131152,912.0,184.0,9.055385138137416,1.0,0.0,39,1
92,0903-4-lcr,1.0,word,1693723378.5451922,921.0,183.00000000000003,9.055385138137416,1.0,0.0,22,1
93,0903-4-lcr,1.0,word,1693723378.5772555,928.0,181.0,7.280109889280518,1.0,0.0,17,1
94,0903-4-lcr,1.0,word,1693723378.593345,934.9999999999998,179.0,7.280109889280518,1.0,0.0,15,1
95,0903-4-lcr,1.0,word,1693723378.6255844,939.0000000000002,180.00000000000003,4.123105625617661,1.0,0.0,15,1
96,0903-4-lcr,1.0,word,1693723378.6567967,935.9999999999998,181.0,3.1622776601683795,1.0,0.0,15,1
97,0903-4-lcr,1.0,word,1693723378.6889875,933.9999999999998,181.99999999999997,2.23606797749979,1.0,0.0,15,1
98,0903-4-lcr,1.0,word,1693723378.7214458,932.0,182.0,2.0,1.0,0.0,16,1
99,0903-4-lcr,1.0,word,1693723378.7534895,931.0,182.00000000000009,1.0,1.0,0.0,18,1
100,0903-4-lcr,1.0,word,1693723378.7847662,930.0,183.0,1.4142135623730951,1.0,0.0,18,1
101,0903-4-lcr,1.0,word,1693723378.8169937,929.0,183.0,1.0,1.0,0.0,17,1
102,0903-4-lcr,1.0,word,1693723378.833115,927.9999999999998,184.0,1.4142135623730951,1.0,0.0,17,1
103,0903-4-lcr,1.0,word,1693723378.8657212,932.0,183.00000000000003,4.123105625617661,1.0,0.0,18,1
104,0903-4-lcr,1.0,word,1693723378.8976066,947.9999999999998,181.99999999999997,16.0312195418814,1.0,0.0,14,1
105,0903-4-lcr,1.0,word,1693723378.929632,968.9999999999998,181.0,21.02379604162864,1.0,0.0,10,1
106,0903-4-lcr,1.0,word,1693723378.9609196,991.9999999999995,181.0,23.0,1.0,0.0,3,1
107,0903-4-lcr,1.0,word,1693723378.9930286,1011.9999999999998,179.99999999999997,20.024984394500787,1.0,0.0,2,1
108,0903-4-lcr,1.0,word,1693723379.0252042,1028.0,180.00000000000003,16.0,1.0,0.0,2,1
109,0903-4-lcr,1.0,word,1693723379.0566726,1085.9999999999998,181.99999999999997,58.034472514187634,1.0,0.0,0,1
110,0903-4-lcr,1.0,word,1693723379.0889726,1149.9999999999995,186.0,64.1248781675256,1.0,0.0,0,1
111,0903-4-lcr,1.0,word,1693723379.1051018,1198.0,191.0,48.25971404805462,1.0,0.0,1,1
112,0903-4-lcr,1.0,word,1693723379.1373134,1228.9999999999995,192.99999999999997,31.064449134018133,1.0,0.0,3,1
113,0903-4-lcr,1.0,word,1693723379.1687582,1250.9999999999998,192.0,22.02271554554524,1.0,0.0,5,1
114,0903-4-lcr,1.0,word,1693723379.2012386,1263.999999999999,191.99999999999991,13.0,1.0,0.0,6,1
115,0903-4-lcr,1.0,word,1693723379.232869,1273.9999999999995,192.99999999999991,10.04987562112089,1.0,0.0,5,1
116,0903-4-lcr,1.0,word,1693723379.265284,1278.9999999999998,193.99999999999997,5.0990195135927845,1.0,0.0,5,1
117,0903-4-lcr,1.0,word,1693723379.2971992,1282.9999999999998,195.0,4.123105625617661,1.0,0.0,5,1
118,0903-4-lcr,1.0,word,1693723379.3293965,1302.9999999999995,196.0,20.024984394500787,1.0,0.0,5,1
119,0903-4-lcr,1.0,word,1693723379.3453991,1334.9999999999995,199.00000000000009,32.14031735997639,1.0,0.0,2,1
120,0903-4-lcr,1.0,word,1693723379.3773985,1361.9999999999995,201.99999999999991,27.16615541441225,1.0,0.0,4,1
121,0903-4-lcr,1.0,word,1693723379.4087436,1381.9999999999995,203.0,20.024984394500787,1.0,0.0,5,1
122,0903-4-lcr,1.0,word,1693723379.441298,1396.9999999999995,204.0,15.033296378372908,1.0,0.0,6,1
123,0903-4-lcr,1.0,word,1693723379.4732904,1407.0,204.00000000000009,10.0,1.0,0.0,6,1
124,0903-4-lcr,1.0,word,1693723379.5053575,1416.9999999999995,205.0,10.04987562112089,1.0,0.0,6,1
125,0903-4-lcr,1.0,word,1693723379.5374904,1433.999999999999,207.0,17.11724276862369,1.0,0.0,6,1
126,0903-4-lcr,1.0,word,1693723379.5689452,1449.999999999999,207.99999999999997,16.0312195418814,1.0,0.0,4,1
127,0903-4-lcr,1.0,word,1693723379.6015022,1459.9999999999995,210.0,10.198039027185567,1.0,0.0,3,1
128,0903-4-lcr,1.0,word,1693723379.6176164,1444.9999999999998,211.00000000000009,15.033296378372908,1.0,0.0,5,1
129,0903-4-lcr,1.0,word,1693723379.6487508,1376.999999999999,214.0,68.06614430096654,1.0,0.0,4,1
130,0903-4-lcr,1.0,word,1693723379.6808815,1037.9999999999995,233.0,339.532030889576,1.0,0.0,0,1
131,0903-4-lcr,1.0,word,1693723379.7130308,702.9999999999999,257.00000000000006,335.85860119996926,1.0,0.0,3,3
132,0903-4-lcr,1.0,word,1693723379.7453032,535.9999999999999,271.0,167.5857989210303,1.0,0.0,4,3
133,0903-4-lcr,1.0,word,1693723379.7769084,462.9999999999999,277.9999999999999,73.33484846919642,1.0,0.0,12,3
134,0903-4-lcr,1.0,word,1693723379.8089116,433.0,281.00000000000006,30.14962686336267,1.0,0.0,12,3
135,0903-4-lcr,1.0,word,1693723379.841189,418.0,282.0000000000001,15.033296378372908,1.0,0.0,7,3
136,0903-4-lcr,1.0,word,1693723379.8736,410.99999999999983,282.9999999999999,7.071067811865476,1.0,0.0,4,3
137,0903-4-lcr,1.0,word,1693723379.8894932,406.0,282.00000000000006,5.0990195135927845,1.0,0.0,4,3
138,0903-4-lcr,1.0,word,1693723379.921037,423.0,281.99999999999994,17.0,1.0,0.0,9,3
139,0903-4-lcr,1.0,word,1693723379.9533622,461.0,277.99999999999994,38.2099463490856,1.0,0.0,13,3
140,0903-4-lcr,1.0,word,1693723379.9847434,475.0,276.0,14.142135623730953,1.0,0.0,11,3
141,0903-4-lcr,1.0,word,1693723380.016862,491.0,274.0,16.1245154965971,1.0,0.0,11,3
142,0903-4-lcr,1.0,word,1693723380.0488925,519.0,271.0,28.16025568065745,1.0,0.0,5,3
143,0903-4-lcr,1.0,word,1693723380.0811677,547.0,269.0,28.0713376952364,1.0,0.0,3,3
144,0903-4-lcr,1.0,word,1693723380.113201,571.0,266.0,24.186773244895647,1.0,0.0,3,3
145,0903-4-lcr,1.0,word,1693723380.145353,591.0,263.99999999999994,20.09975124224178,1.0,0.0,1,3
146,0903-4-lcr,1.0,word,1693723380.1766849,631.9999999999999,258.00000000000006,41.43669871020132,1.0,0.0,0,3
147,0903-4-lcr,1.0,word,1693723380.1931968,675.0,255.0,43.10452412450461,1.0,0.0,2,3
148,0903-4-lcr,1.0,word,1693723380.225073,707.9999999999998,252.0,33.13608305156178,1.0,0.0,3,3
149,0903-4-lcr,1.0,word,1693723380.25711,732.0,252.0,24.0,1.0,0.0,2,3
150,0903-4-lcr,1.0,word,1693723380.4006772,578.9999999999999,425.0,230.9502110845539,1.0,0.0,1,0
151,0903-4-lcr,1.0,word,1693723380.4329228,691.9999999999999,389.0,118.59595271340416,1.0,0.0,3,0
152,0903-4-lcr,1.0,word,1693723380.4650896,722.9999999999998,365.00000000000006,39.20459156782532,1.0,0.0,10,5
153,0903-4-lcr,1.0,word,1693723380.4970922,758.0,331.0,48.79549159502341,1.0,0.0,6,5
154,0903-4-lcr,1.0,word,1693723380.529114,788.9999999999999,304.99999999999994,40.45985664828782,1.0,0.0,3,3
155,0903-4-lcr,1.0,word,1693723380.5615332,773.9999999999999,300.00000000000006,15.811388300841896,1.0,0.0,3,3
156,0903-4-lcr,1.0,word,1693723380.592852,740.9999999999998,303.0,33.13608305156178,1.0,0.0,5,3
157,0903-4-lcr,1.0,word,1693723380.6254537,718.9999999999999,306.0,22.20360331117452,1.0,0.0,7,3
158,0903-4-lcr,1.0,word,1693723380.6573763,697.9999999999999,309.0,21.213203435596427,1.0,0.0,8,3
159,0903-4-lcr,1.0,word,1693723380.6886742,675.9999999999999,313.0,22.36067977499789,1.0,0.0,10,5
160,0903-4-lcr,1.0,word,1693723380.7056494,655.0,315.99999999999994,21.213203435596427,1.0,0.0,11,5
161,0903-4-lcr,1.0,word,1693723380.736768,635.9999999999999,319.00000000000006,19.235384061671343,1.0,0.0,13,5
162,0903-4-lcr,1.0,word,1693723380.7689164,621.9999999999999,320.99999999999994,14.142135623730953,1.0,0.0,19,5
163,0903-4-lcr,1.0,word,1693723380.8009813,610.9999999999999,322.99999999999994,11.180339887498947,1.0,0.0,20,5
164,0903-4-lcr,1.0,word,1693723380.8333297,602.9999999999999,323.00000000000006,8.0,1.0,0.0,19,5
165,0903-4-lcr,1.0,word,1693723380.8653662,595.9999999999998,325.0,7.280109889280518,1.0,0.0,18,5
166,0903-4-lcr,1.0,word,1693723380.896703,590.9999999999999,325.99999999999994,5.0990195135927845,1.0,0.0,18,5
167,0903-4-lcr,1.0,word,1693723380.9290972,592.9999999999999,327.0,2.23606797749979,1.0,0.0,18,5
168,0903-4-lcr,1.0,word,1693723380.9616172,596.9999999999998,328.0,4.123105625617661,1.0,0.0,19,5
169,0903-4-lcr,1.0,word,1693723380.9766324,599.9999999999999,328.00000000000006,3.0,1.0,0.0,19,5
170,0903-4-lcr,1.0,word,1693723381.0090785,601.9999999999999,328.0,2.0,1.0,0.0,19,5
171,0903-4-lcr,1.0,word,1693723381.0417027,610.9999999999999,329.0,9.055385138137416,1.0,0.0,20,5
172,0903-4-lcr,1.0,word,1693723381.072878,636.0,328.0,25.019992006393608,1.0,0.0,17,5
173,0903-4-lcr,1.0,word,1693723381.1052225,665.0,327.00000000000006,29.017236257093817,1.0,0.0,12,5
174,0903-4-lcr,1.0,word,1693723381.1366596,690.9999999999998,328.0,26.019223662515376,1.0,0.0,14,5
175,0903-4-lcr,1.0,word,1693723381.1690316,712.0,329.0,21.02379604162864,1.0,0.0,13,5
176,0903-4-lcr,1.0,word,1693723381.2012062,728.9999999999999,329.0,17.0,1.0,0.0,13,5
177,0903-4-lcr,1.0,word,1693723381.2330382,706.0,329.00000000000006,23.0,1.0,0.0,11,5
178,0903-4-lcr,1.0,word,1693723381.2490911,691.9999999999999,329.0,14.0,1.0,0.0,14,5
179,0903-4-lcr,1.0,word,1693723381.2813797,662.9999999999999,330.9999999999999,29.068883707497267,1.0,0.0,12,5
180,0903-4-lcr,1.0,word,1693723381.3134353,622.0000000000001,332.99999999999994,41.04875150354759,1.0,0.0,20,5
181,0903-4-lcr,1.0,word,1693723381.345005,581.9999999999999,335.00000000000006,40.049968789001575,1.0,0.0,16,5
182,0903-4-lcr,1.0,word,1693723381.3770652,551.0,338.0,31.14482300479488,1.0,0.0,6,5
183,0903-4-lcr,1.0,word,1693723381.4090707,527.9999999999999,340.00000000000006,23.08679276123039,1.0,0.0,6,5
184,0903-4-lcr,1.0,word,1693723381.4407446,512.9999999999999,340.0,15.0,1.0,0.0,6,5
185,0903-4-lcr,1.0,word,1693723381.4738278,502.0,340.00000000000006,11.0,1.0,0.0,4,5
186,0903-4-lcr,1.0,word,1693723381.5049844,492.99999999999983,340.0,9.0,1.0,0.0,5,5
187,0903-4-lcr,1.0,word,1693723381.5210943,479.9999999999999,329.00000000000006,17.029386365926403,1.0,0.0,5,5
188,0903-4-lcr,1.0,word,1693723381.553433,471.0,312.99999999999994,18.35755975068582,1.0,0.0,9,5
189,0903-4-lcr,1.0,word,1693723381.5848792,464.00000000000006,298.0000000000001,16.55294535724685,1.0,0.0,13,3
190,0903-4-lcr,1.0,word,1693723381.6170647,456.99999999999983,284.0,15.652475842498529,1.0,0.0,14,3
191,0903-4-lcr,1.0,word,1693723381.649177,453.0,273.00000000000006,11.704699910719626,1.0,0.0,13,3
192,0903-4-lcr,1.0,word,1693723381.6806538,449.99999999999983,265.99999999999994,7.615773105863909,1.0,0.0,11,3
193,0903-4-lcr,1.0,word,1693723381.7136548,459.9999999999999,272.9999999999999,12.206555615733702,1.0,0.0,12,3
194,0903-4-lcr,1.0,word,1693723381.7447257,470.00000000000006,278.0,11.180339887498947,1.0,0.0,12,3
195,0903-4-lcr,1.0,word,1693723381.776671,485.0,286.00000000000006,17.0,1.0,0.0,12,3
196,0903-4-lcr,1.0,word,1693723381.7929444,509.9999999999999,298.00000000000006,27.73084924772409,1.0,0.0,5,3
197,0903-4-lcr,1.0,word,1693723381.8251631,535.9999999999999,312.99999999999994,30.01666203960727,1.0,0.0,5,5
198,0903-4-lcr,1.0,word,1693723381.857382,558.9999999999999,325.99999999999994,26.419689627245813,1.0,0.0,10,5
199,0903-4-lcr,1.0,word,1693723381.889516,578.0,338.00000000000006,22.47220505424423,1.0,0.0,15,5
200,0903-4-lcr,1.0,word,1693723381.9206748,592.9999999999999,345.00000000000006,16.55294535724685,1.0,0.0,18,5
201,0903-4-lcr,1.0,word,1693723381.9530077,602.9999999999999,351.00000000000006,11.6619037896906,1.0,0.0,18,5
202,0903-4-lcr,1.0,word,1693723381.9854105,608.9999999999998,354.99999999999994,7.211102550927978,1.0,0.0,19,5
203,0903-4-lcr,1.0,word,1693723382.0172968,613.9999999999999,356.99999999999994,5.385164807134504,1.0,0.0,18,5
204,0903-4-lcr,1.0,word,1693723382.0495667,615.9999999999999,356.99999999999994,2.0,1.0,0.0,18,5
205,0903-4-lcr,1.0,word,1693723382.0647843,632.9999999999999,354.99999999999994,17.11724276862369,1.0,0.0,13,5
206,0903-4-lcr,1.0,word,1693723382.0969331,654.9999999999999,352.99999999999994,22.09072203437452,1.0,0.0,10,5
207,0903-4-lcr,1.0,word,1693723382.129162,670.9999999999999,351.0,16.1245154965971,1.0,0.0,10,5
208,0903-4-lcr,1.0,word,1693723382.1613057,684.0,350.0000000000001,13.038404810405298,1.0,0.0,12,5
209,0903-4-lcr,1.0,word,1693723382.1934354,696.0,348.99999999999994,12.041594578792296,1.0,0.0,11,5
210,0903-4-lcr,1.0,word,1693723382.225436,713.0,347.0,17.11724276862369,1.0,0.0,10,5
211,0903-4-lcr,1.0,word,1693723382.2566533,744.0,347.0,31.0,1.0,0.0,8,5
212,0903-4-lcr,1.0,word,1693723382.2888217,774.0,347.0,30.0,1.0,0.0,4,5
213,0903-4-lcr,1.0,word,1693723382.321272,797.0,346.99999999999994,23.0,1.0,0.0,4,5
214,0903-4-lcr,1.0,word,1693723382.3374405,813.9999999999998,343.99999999999994,17.26267650163207,1.0,0.0,5,5
215,0903-4-lcr,1.0,word,1693723382.3695903,826.9999999999999,342.00000000000006,13.152946437965904,1.0,0.0,5,5
216,0903-4-lcr,1.0,word,1693723382.4008842,839.0,338.00000000000006,12.649110640673518,1.0,0.0,4,5
217,0903-4-lcr,1.0,word,1693723382.43293,849.0,336.0,10.198039027185567,1.0,0.0,4,5
218,0903-4-lcr,1.0,word,1693723382.465061,910.0,335.99999999999994,61.0,1.0,0.0,0,5
219,0903-4-lcr,1.0,word,1693723382.4972713,983.0,334.0,73.02739212103907,1.0,0.0,1,5
220,0903-4-lcr,1.0,word,1693723382.529739,1036.9999999999998,332.99999999999994,54.00925846556311,1.0,0.0,1,5
221,0903-4-lcr,1.0,word,1693723382.5613527,1070.9999999999998,334.00000000000006,34.0147027033899,1.0,0.0,3,5
222,0903-4-lcr,1.0,word,1693723382.5772514,1092.9999999999995,333.00000000000006,22.02271554554524,1.0,0.0,5,5
223,0903-4-lcr,1.0,word,1693723382.6094625,1106.9999999999998,331.0,14.142135623730953,1.0,0.0,6,5
224,0903-4-lcr,1.0,word,1693723382.6407018,1116.9999999999995,328.0,10.44030650891055,1.0,0.0,9,5
225,0903-4-lcr,1.0,word,1693723382.6736977,1122.0,324.99999999999994,5.830951894845301,1.0,0.0,10,5
226,0903-4-lcr,1.0,word,1693723382.7055962,1155.9999999999995,326.0,34.0147027033899,1.0,0.0,12,5
227,0903-4-lcr,1.0,word,1693723382.7372532,1190.9999999999995,329.00000000000006,35.12833614050059,1.0,0.0,8,5
228,0903-4-lcr,1.0,word,1693723382.7695508,1218.9999999999998,331.00000000000006,28.0713376952364,1.0,0.0,6,5
229,0903-4-lcr,1.0,word,1693723382.8007114,1240.9999999999995,329.00000000000006,22.09072203437452,1.0,0.0,7,5
230,0903-4-lcr,1.0,word,1693723382.8328395,1253.9999999999998,327.0,13.152946437965904,1.0,0.0,8,5
231,0903-4-lcr,1.0,word,1693723382.8648822,1262.999999999999,325.99999999999994,9.055385138137416,1.0,0.0,6,5
232,0903-4-lcr,1.0,word,1693723382.8971207,1267.9999999999995,327.0,5.0990195135927845,1.0,0.0,6,5
233,0903-4-lcr,1.0,word,1693723382.9132476,1272.9999999999998,326.99999999999994,5.0,1.0,0.0,6,5
234,0903-4-lcr,1.0,word,1693723382.9455073,1315.0,329.99999999999994,42.1070065428546,1.0,0.0,5,5
235,0903-4-lcr,1.0,word,1693723382.9768422,1385.9999999999998,333.00000000000006,71.06335201775947,1.0,0.0,3,5
236,0903-4-lcr,1.0,word,1693723383.0091136,1442.9999999999995,337.0,57.14017850864661,1.0,0.0,3,5
237,0903-4-lcr,1.0,word,1693723383.040718,1481.9999999999998,340.99999999999994,39.20459156782532,1.0,0.0,4,5
238,0903-4-lcr,1.0,word,1693723383.072772,1506.9999999999995,343.0,25.079872407968907,1.0,0.0,7,5
239,0903-4-lcr,1.0,word,1693723383.105097,1522.9999999999995,345.0,16.1245154965971,1.0,0.0,9,5
240,0903-4-lcr,1.0,word,1693723383.12141,1533.9999999999995,345.99999999999994,11.04536101718726,1.0,0.0,8,5
241,0903-4-lcr,1.0,word,1693723383.1534424,1540.9999999999998,346.99999999999994,7.071067811865476,1.0,0.0,8,5
242,0903-4-lcr,1.0,word,1693723383.1855268,1546.9999999999995,347.00000000000006,6.0,1.0,0.0,7,5
243,0903-4-lcr,1.0,word,1693723383.2176895,1549.9999999999995,348.00000000000006,3.1622776601683795,1.0,0.0,7,5
244,0903-4-lcr,1.0,word,1693723383.2492,1551.999999999999,349.99999999999994,2.8284271247461903,1.0,0.0,7,5
245,0903-4-lcr,1.0,word,1693723383.2816489,1536.9999999999995,350.0,15.0,1.0,0.0,8,5
246,0903-4-lcr,1.0,word,1693723383.3128052,1522.9999999999995,349.0,14.0356688476182,1.0,0.0,9,5
247,0903-4-lcr,1.0,word,1693723383.3450632,1486.9999999999998,345.00000000000006,36.22154055254967,1.0,0.0,4,5
248,0903-4-lcr,1.0,word,1693723383.377283,1444.9999999999998,342.0,42.1070065428546,1.0,0.0,3,5
249,0903-4-lcr,1.0,word,1693723383.4087384,1406.9999999999995,338.99999999999994,38.11823710509184,1.0,0.0,4,5
250,0903-4-lcr,1.0,word,1693723383.425032,1378.9999999999998,339.00000000000006,28.0,1.0,0.0,4,5
251,0903-4-lcr,1.0,word,1693723383.4572115,1357.9999999999995,337.0,21.095023109728988,1.0,0.0,6,5
252,0903-4-lcr,1.0,word,1693723383.489359,1343.9999999999995,335.0,14.142135623730953,1.0,0.0,6,5
253,0903-4-lcr,1.0,word,1693723383.5213594,1333.9999999999995,335.0,10.0,1.0,0.0,5,5
254,0903-4-lcr,1.0,word,1693723383.552955,1326.9999999999995,334.00000000000006,7.071067811865476,1.0,0.0,6,5
255,0903-4-lcr,1.0,word,1693723383.5851111,1321.9999999999995,333.0,5.0990195135927845,1.0,0.0,6,5
256,0903-4-lcr,1.0,word,1693723383.6171434,1288.9999999999995,332.00000000000006,33.015148038438355,1.0,0.0,7,5
257,0903-4-lcr,1.0,word,1693723383.6491425,1248.9999999999998,330.0,40.049968789001575,1.0,0.0,7,5
258,0903-4-lcr,1.0,word,1693723383.6651182,1216.9999999999995,327.99999999999994,32.0624390837628,1.0,0.0,7,5
259,0903-4-lcr,1.0,word,1693723383.6973026,1194.9999999999995,325.99999999999994,22.09072203437452,1.0,0.0,7,5
260,0903-4-lcr,1.0,word,1693723383.729308,1177.9999999999995,323.0,17.26267650163207,1.0,0.0,10,5
261,0903-4-lcr,1.0,word,1693723383.7611148,1166.9999999999995,323.0,11.0,1.0,0.0,9,5
262,0903-4-lcr,1.0,word,1693723383.7931154,1158.0,324.0000000000001,9.055385138137416,1.0,0.0,10,5
263,0903-4-lcr,1.0,word,1693723383.8253284,1153.9999999999995,324.0,4.0,1.0,0.0,11,5
264,0903-4-lcr,1.0,word,1693723383.857515,1150.9999999999995,323.00000000000006,3.1622776601683795,1.0,0.0,10,5
265,0903-4-lcr,1.0,word,1693723383.8889146,1146.9999999999995,324.00000000000006,4.123105625617661,1.0,0.0,10,5
266,0903-4-lcr,1.0,word,1693723383.9213257,1145.999999999999,323.99999999999994,1.0,1.0,0.0,11,5
267,0903-4-lcr,1.0,word,1693723383.9373577,1117.9999999999995,327.99999999999994,28.284271247461906,1.0,0.0,9,5
268,0903-4-lcr,1.0,word,1693723383.968644,967.0,346.99999999999994,152.190669884852,1.0,0.0,1,5
269,0903-4-lcr,1.0,word,1693723384.0011969,737.9999999999999,369.9999999999999,230.1521236052364,1.0,0.0,5,5
270,0903-4-lcr,1.0,word,1693723384.032713,597.0000000000001,396.0,143.37712509323097,1.0,0.0,1,0
271,0903-4-lcr,1.0,word,1693723384.064909,528.0,406.0,69.72087205421343,1.0,0.0,1,0
272,0903-4-lcr,1.0,word,1693723384.0970793,492.9999999999999,403.00000000000006,35.12833614050059,1.0,0.0,3,0
273,0903-4-lcr,1.0,word,1693723384.1292017,475.9999999999999,402.0,17.029386365926403,1.0,0.0,5,0
274,0903-4-lcr,1.0,word,1693723384.1615074,467.0,402.0,9.0,1.0,0.0,8,0
275,0903-4-lcr,1.0,word,1693723384.1931708,451.9999999999999,404.0,15.132745950421556,1.0,0.0,21,0
276,0903-4-lcr,1.0,word,1693723384.2090578,441.00000000000006,407.0,11.40175425099138,1.0,0.0,21,0
277,0903-4-lcr,1.0,word,1693723384.241625,434.0,407.00000000000006,7.0,1.0,0.0,19,0
278,0903-4-lcr,1.0,word,1693723384.27362,428.9999999999999,410.0,5.830951894845301,1.0,0.0,19,0
279,0903-4-lcr,1.0,word,1693723384.305141,425.0,413.00000000000006,5.0,1.0,0.0,18,0
280,0903-4-lcr,1.0,word,1693723384.3373249,423.9999999999999,414.00000000000006,1.4142135623730951,1.0,0.0,18,0
281,0903-4-lcr,1.0,word,1693723384.3693607,422.0,414.00000000000006,2.0,1.0,0.0,18,0
282,0903-4-lcr,1.0,word,1693723384.4007847,420.9999999999999,414.0,1.0,1.0,0.0,18,0
283,0903-4-lcr,1.0,word,1693723384.4332497,419.0,414.00000000000006,2.0,1.0,0.0,18,0
284,0903-4-lcr,1.0,word,1693723384.465518,417.9999999999999,414.0,1.0,1.0,0.0,18,0
285,0903-4-lcr,1.0,word,1693723384.481638,417.9999999999999,414.0,0.0,1.0,0.0,18,0
286,0903-4-lcr,1.0,word,1693723384.5126345,416.99999999999983,414.0,1.0,1.0,0.0,18,0
287,0903-4-lcr,1.0,word,1693723384.5446365,417.0,415.0,1.0,1.0,0.0,18,0
288,0903-4-lcr,1.0,word,1693723384.5775516,416.0,415.0,1.0,1.0,0.0,18,0
289,0903-4-lcr,1.0,word,1693723384.6086743,415.9999999999999,415.9999999999999,1.0,1.0,0.0,18,0
290,0903-4-lcr,1.0,word,1693723384.6412454,415.9999999999999,415.9999999999999,0.0,1.0,0.0,18,0
291,0903-4-lcr,1.0,word,1693723384.6733718,415.9999999999999,415.9999999999999,0.0,1.0,0.0,18,0
292,0903-4-lcr,1.0,word,1693723384.705513,416.99999999999983,417.0,1.4142135623730951,1.0,0.0,18,0
293,0903-4-lcr,1.0,word,1693723384.736724,434.0,424.0,18.384776310850235,1.0,0.0,20,0
294,0903-4-lcr,1.0,word,1693723384.7535996,464.0,435.9999999999999,32.31098884280702,1.0,0.0,6,0
295,0903-4-lcr,1.0,word,1693723384.7855928,496.0,446.00000000000006,33.52610922848042,1.0,0.0,2,4
296,0903-4-lcr,1.0,word,1693723384.8175073,520.9999999999999,455.0,26.570660511172846,1.0,0.0,3,4
297,0903-4-lcr,1.0,word,1693723384.8486392,541.9999999999998,461.0,21.840329667841555,1.0,0.0,4,4
298,0903-4-lcr,1.0,word,1693723384.8810368,557.9999999999999,465.0,16.492422502470642,1.0,0.0,19,4
299,0903-4-lcr,1.0,word,1693723384.9133258,572.9999999999999,467.9999999999999,15.297058540778355,1.0,0.0,24,4
300,0903-4-lcr,1.0,word,1693723384.9448664,603.0000000000002,470.00000000000006,30.066592756745816,1.0,0.0,30,4
301,0903-4-lcr,1.0,word,1693723384.976925,629.9999999999999,469.99999999999983,27.0,1.0,0.0,44,4
302,0903-4-lcr,1.0,word,1693723385.0093691,649.0,470.99999999999983,19.026297590440446,1.0,0.0,59,4
303,0903-4-lcr,1.0,word,1693723385.0254004,661.9999999999999,471.0,13.0,1.0,0.0,66,4
304,0903-4-lcr,1.0,word,1693723385.0575476,671.9999999999999,469.9999999999999,10.04987562112089,1.0,0.0,62,4
305,0903-4-lcr,1.0,word,1693723385.0887222,679.9999999999999,472.0,8.246211251235321,1.0,0.0,62,4
306,0903-4-lcr,1.0,word,1693723385.1211956,685.9999999999998,471.99999999999983,6.0,1.0,0.0,58,4
307,0903-4-lcr,1.0,word,1693723385.1536503,688.9999999999999,470.9999999999999,3.1622776601683795,1.0,0.0,53,4
308,0903-4-lcr,1.0,word,1693723385.184935,692.0000000000001,470.0,3.1622776601683795,1.0,0.0,41,4
309,0903-4-lcr,1.0,word,1693723385.216951,693.9999999999999,469.0,2.23606797749979,1.0,0.0,37,4
310,0903-4-lcr,1.0,word,1693723385.2490442,694.0000000000001,468.0,1.0,1.0,0.0,37,4
311,0903-4-lcr,1.0,word,1693723385.2813416,695.0,468.9999999999999,1.4142135623730951,1.0,0.0,37,4
312,0903-4-lcr,1.0,word,1693723385.2972283,697.0,469.00000000000006,2.0,1.0,0.0,35,4
313,0903-4-lcr,1.0,word,1693723385.3287885,692.9999999999998,467.99999999999983,4.123105625617661,1.0,0.0,37,4
314,0903-4-lcr,1.0,word,1693723385.3608456,689.9999999999999,468.0,3.0,1.0,0.0,46,4
315,0903-4-lcr,1.0,word,1693723385.39426,687.0000000000001,468.0,3.0,1.0,0.0,56,4
316,0903-4-lcr,1.0,word,1693723385.4257283,682.0,468.00000000000006,5.0,1.0,0.0,60,4
317,0903-4-lcr,1.0,word,1693723385.4567282,676.9999999999999,467.99999999999983,5.0,1.0,0.0,60,4
318,0903-4-lcr,1.0,word,1693723385.4891958,671.9999999999997,468.9999999999999,5.0990195135927845,1.0,0.0,61,4
319,0903-4-lcr,1.0,word,1693723385.5207734,665.9999999999999,468.9999999999999,6.0,1.0,0.0,64,4
320,0903-4-lcr,1.0,word,1693723385.5527732,661.0,468.00000000000006,5.0990195135927845,1.0,0.0,65,4
321,0903-4-lcr,1.0,word,1693723385.568658,657.0,470.0,4.47213595499958,1.0,0.0,64,4
322,0903-4-lcr,1.0,word,1693723385.6012132,652.9999999999999,471.0,4.123105625617661,1.0,0.0,60,4
323,0903-4-lcr,1.0,word,1693723385.6332238,650.0,471.0000000000001,3.0,1.0,0.0,59,4
324,0903-4-lcr,1.0,word,1693723385.6656954,647.9999999999997,472.0,2.23606797749979,1.0,0.0,57,4
325,0903-4-lcr,1.0,word,1693723385.6970663,646.0,473.0,2.23606797749979,1.0,0.0,52,4
326,0903-4-lcr,1.0,word,1693723385.7295268,642.9999999999999,474.00000000000006,3.1622776601683795,1.0,0.0,50,4
327,0903-4-lcr,1.0,word,1693723385.7608235,641.0,474.99999999999983,2.23606797749979,1.0,0.0,51,4
328,0903-4-lcr,1.0,word,1693723385.793038,631.9999999999999,475.0,9.0,1.0,0.0,46,4
329,0903-4-lcr,1.0,word,1693723385.8254578,624.0000000000001,476.9999999999999,8.246211251235321,1.0,0.0,48,4
330,0903-4-lcr,1.0,word,1693723385.8417304,617.0,478.0,7.071067811865476,1.0,0.0,49,4
331,0903-4-lcr,1.0,word,1693723385.8731403,609.9999999999999,479.00000000000017,7.071067811865476,1.0,0.0,36,4
332,0903-4-lcr,1.0,word,1693723385.9051106,603.0,480.9999999999999,7.280109889280518,1.0,0.0,31,4
333,0903-4-lcr,1.0,word,1693723385.93725,599.0,481.9999999999999,4.123105625617661,1.0,0.0,30,4
334,0903-4-lcr,1.0,word,1693723385.9694364,594.9999999999999,482.99999999999983,4.123105625617661,1.0,0.0,29,4
335,0903-4-lcr,1.0,word,1693723386.0009809,590.9999999999999,482.0,4.123105625617661,1.0,0.0,28,4
336,0903-4-lcr,1.0,word,1693723386.0333965,588.9999999999998,482.9999999999999,2.23606797749979,1.0,0.0,28,4
337,0903-4-lcr,1.0,word,1693723386.064854,586.0,483.0,3.0,1.0,0.0,28,4
338,0903-4-lcr,1.0,word,1693723386.0979264,584.0,483.0,2.0,1.0,0.0,26,4
339,0903-4-lcr,1.0,word,1693723386.1133788,583.0000000000001,483.00000000000006,1.0,1.0,0.0,26,4
340,0903-4-lcr,1.0,word,1693723386.144775,581.9999999999999,483.0,1.0,1.0,0.0,26,4
341,0903-4-lcr,1.0,word,1693723386.176834,581.0000000000001,482.00000000000006,1.4142135623730951,1.0,0.0,26,4
342,0903-4-lcr,1.0,word,1693723386.208805,579.9999999999999,482.0,1.0,1.0,0.0,26,4
343,0903-4-lcr,1.0,word,1693723386.2416704,579.0,482.0,1.0,1.0,0.0,26,4
344,0903-4-lcr,1.0,word,1693723386.2731004,578.0,482.0,1.0,1.0,0.0,26,4
345,0903-4-lcr,1.0,word,1693723386.3046372,578.0,482.0,0.0,1.0,0.0,26,4
346,0903-4-lcr,1.0,word,1693723386.3369122,578.0,482.0,0.0,1.0,0.0,26,4
347,0903-4-lcr,1.0,word,1693723386.3533466,577.9999999999999,483.0,1.0,1.0,0.0,26,4
348,0903-4-lcr,1.0,word,1693723386.384784,577.9999999999999,483.0,0.0,1.0,0.0,26,4
349,0903-4-lcr,1.0,word,1693723386.4169412,585.0,477.99999999999983,8.602325267042627,1.0,0.0,27,4
350,0903-4-lcr,1.0,word,1693723386.4493773,659.0,421.0,93.40770846134704,1.0,0.0,0,0
351,0903-4-lcr,1.0,word,1693723386.481118,754.9999999999999,345.99999999999994,121.82364302548172,1.0,0.0,6,5
352,0903-4-lcr,1.0,word,1693723386.5135758,822.9999999999998,292.0,86.83317338436964,1.0,0.0,2,3
353,0903-4-lcr,1.0,word,1693723386.545227,863.0,258.0,52.49761899362675,1.0,0.0,2,3
354,0903-4-lcr,1.0,word,1693723386.5774364,885.9999999999999,237.0,31.14482300479488,1.0,0.0,4,1
355,0903-4-lcr,1.0,word,1693723386.609553,897.9999999999999,228.00000000000003,15.0,1.0,0.0,9,1
356,0903-4-lcr,1.0,word,1693723386.6255145,905.0,225.0,7.615773105863909,1.0,0.0,7,1
357,0903-4-lcr,1.0,word,1693723386.6567707,878.9999999999998,265.99999999999994,48.54894437575342,1.0,0.0,2,3
358,0903-4-lcr,1.0,word,1693723386.6892338,820.9999999999998,325.99999999999994,83.45058418010026,1.0,0.0,7,5
359,0903-4-lcr,1.0,word,1693723386.7207642,723.9999999999999,400.9999999999999,122.61321299109652,1.0,0.0,3,0
360,0903-4-lcr,1.0,word,1693723386.7527063,648.0000000000001,461.0,96.82974749528164,1.0,0.0,48,4
366,0903-4-lcr,1.0,word,1693723387.0896611,555.9999999999999,540.9999999999999,59.77457653551382,1.0,0.0,1,2
367,0903-4-lcr,1.0,word,1693723387.1212485,589.9999999999998,515.9999999999999,42.20189569201838,1.0,0.0,21,2
368,0903-4-lcr,1.0,word,1693723387.1535506,621.9999999999999,498.99999999999983,36.23534186398688,1.0,0.0,38,4
369,0903-4-lcr,1.0,word,1693723387.1695535,637.0,491.0,17.0,1.0,0.0,47,4
370,0903-4-lcr,1.0,word,1693723387.2008128,645.0,489.0,8.246211251235321,1.0,0.0,55,4
371,0903-4-lcr,1.0,word,1693723387.2333882,650.9999999999998,486.0,6.708203932499369,1.0,0.0,59,4
372,0903-4-lcr,1.0,word,1693723387.2647674,653.9999999999999,486.00000000000006,3.0,1.0,0.0,61,4
373,0903-4-lcr,1.0,word,1693723387.2969477,656.0,486.0,2.0,1.0,0.0,63,4
374,0903-4-lcr,1.0,word,1693723387.329147,685.0,485.0,29.017236257093817,1.0,0.0,55,4
375,0903-4-lcr,1.0,word,1693723387.3617327,715.0000000000001,482.0,30.14962686336267,1.0,0.0,26,4
376,0903-4-lcr,1.0,word,1693723387.3928854,736.9999999999999,481.0,22.02271554554524,1.0,0.0,10,4
377,0903-4-lcr,1.0,word,1693723387.425035,754.0,480.0,17.029386365926403,1.0,0.0,11,4
378,0903-4-lcr,1.0,word,1693723387.4572282,764.9999999999999,477.0,11.40175425099138,1.0,0.0,11,4
379,0903-4-lcr,1.0,word,1693723387.47336,777.9999999999999,475.00000000000006,13.152946437965904,1.0,0.0,7,4
380,0903-4-lcr,1.0,word,1693723387.5054688,829.9999999999999,476.00000000000006,52.009614495783374,1.0,0.0,1,4
381,0903-4-lcr,1.0,word,1693723387.5375662,881.0,475.0000000000001,51.0098029794274,1.0,0.0,1,4
382,0903-4-lcr,1.0,word,1693723387.5687177,914.9999999999998,474.9999999999999,34.0,1.0,0.0,4,4
383,0903-4-lcr,1.0,word,1693723387.6009595,936.9999999999998,474.99999999999983,22.0,1.0,0.0,5,4
384,0903-4-lcr,1.0,word,1693723387.6329682,953.9999999999998,473.0,17.11724276862369,1.0,0.0,6,4
385,0903-4-lcr,1.0,word,1693723387.6649685,966.0,473.0,12.0,1.0,0.0,6,4
386,0903-4-lcr,1.0,word,1693723387.697004,973.9999999999995,472.0,8.06225774829855,1.0,0.0,6,4
387,0903-4-lcr,1.0,word,1693723387.7141557,980.0,470.9999999999999,6.082762530298219,1.0,0.0,5,4
388,0903-4-lcr,1.0,word,1693723387.745051,985.0,472.0000000000001,5.0990195135927845,1.0,0.0,5,4
389,0903-4-lcr,1.0,word,1693723387.777191,995.0,470.0,10.198039027185567,1.0,0.0,5,4
390,0903-4-lcr,1.0,word,1693723387.8095093,1030.9999999999998,467.0,36.12478373637688,1.0,0.0,7,4
391,0903-4-lcr,1.0,word,1693723387.8415987,1062.9999999999998,467.00000000000006,32.0,1.0,0.0,17,4
392,0903-4-lcr,1.0,word,1693723387.8729985,1088.999999999999,469.99999999999983,26.1725046566048,1.0,0.0,22,4
393,0903-4-lcr,1.0,word,1693723387.905292,1110.9999999999998,469.0,22.02271554554524,1.0,0.0,20,4
394,0903-4-lcr,1.0,word,1693723387.9368796,1124.9999999999998,469.0,14.0,1.0,0.0,16,4
395,0903-4-lcr,1.0,word,1693723387.9689837,1135.999999999999,470.00000000000006,11.04536101718726,1.0,0.0,14,4
396,0903-4-lcr,1.0,word,1693723387.9852214,1160.9999999999998,470.0,25.0,1.0,0.0,11,4
397,0903-4-lcr,1.0,word,1693723388.0173233,1193.9999999999995,467.00000000000017,33.13608305156178,1.0,0.0,10,4
398,0903-4-lcr,1.0,word,1693723388.0496013,1219.9999999999995,465.0,26.0768096208106,1.0,0.0,13,4
399,0903-4-lcr,1.0,word,1693723388.0810368,1236.9999999999998,465.0,17.0,1.0,0.0,14,4
400,0903-4-lcr,1.0,word,1693723388.1131878,1249.9999999999995,465.0,13.0,1.0,0.0,12,4
401,0903-4-lcr,1.0,word,1693723388.144728,1257.9999999999998,465.0,8.0,1.0,0.0,12,4
402,0903-4-lcr,1.0,word,1693723388.1767623,1263.9999999999998,465.0,6.0,1.0,0.0,10,4
403,0903-4-lcr,1.0,word,1693723388.2092078,1266.999999999999,464.9999999999999,3.0,1.0,0.0,10,4
404,0903-4-lcr,1.0,word,1693723388.241345,1256.999999999999,465.9999999999999,10.04987562112089,1.0,0.0,12,4
405,0903-4-lcr,1.0,word,1693723388.2572925,1246.9999999999998,465.99999999999983,10.0,1.0,0.0,13,4
406,0903-4-lcr,1.0,word,1693723388.2895465,1230.999999999999,466.00000000000006,16.0,1.0,0.0,15,4
407,0903-4-lcr,1.0,word,1693723388.321152,1204.0,465.0,27.018512172212592,1.0,0.0,11,4
408,0903-4-lcr,1.0,word,1693723388.35331,1173.9999999999998,464.9999999999999,30.0,1.0,0.0,10,4
409,0903-4-lcr,1.0,word,1693723388.3854976,1147.999999999999,466.0,26.019223662515376,1.0,0.0,12,4
410,0903-4-lcr,1.0,word,1693723388.416664,1126.9999999999995,466.0,21.0,1.0,0.0,16,4
411,0903-4-lcr,1.0,word,1693723388.4490106,1111.9999999999998,466.0000000000001,15.0,1.0,0.0,20,4
412,0903-4-lcr,1.0,word,1693723388.480712,1101.999999999999,467.0,10.04987562112089,1.0,0.0,22,4
413,0903-4-lcr,1.0,word,1693723388.5130916,1093.9999999999998,466.0,8.06225774829855,1.0,0.0,22,4
414,0903-4-lcr,1.0,word,1693723388.529029,1087.9999999999998,466.00000000000006,6.0,1.0,0.0,22,4
415,0903-4-lcr,1.0,word,1693723388.5615523,1083.9999999999998,466.0,4.0,1.0,0.0,19,4
416,0903-4-lcr,1.0,word,1693723388.592718,1080.9999999999995,465.0,3.1622776601683795,1.0,0.0,19,4
417,0903-4-lcr,1.0,word,1693723388.6249926,1073.9999999999995,467.0,7.280109889280518,1.0,0.0,19,4
418,0903-4-lcr,1.0,word,1693723388.6569746,1065.9999999999995,469.0,8.246211251235321,1.0,0.0,17,4
419,0903-4-lcr,1.0,word,1693723388.6891887,1060.9999999999998,470.0,5.0990195135927845,1.0,0.0,16,4
420,0903-4-lcr,1.0,word,1693723388.721469,1055.9999999999998,468.9999999999999,5.0990195135927845,1.0,0.0,15,4
421,0903-4-lcr,1.0,word,1693723388.7535703,1063.9999999999995,469.0,8.0,1.0,0.0,17,4
422,0903-4-lcr,1.0,word,1693723388.784914,1068.9999999999998,468.9999999999999,5.0,1.0,0.0,17,4
423,0903-4-lcr,1.0,word,1693723388.8010228,1075.9999999999998,470.0,7.071067811865476,1.0,0.0,19,4
424,0903-4-lcr,1.0,word,1693723388.8332396,1087.9999999999995,470.0,12.0,1.0,0.0,22,4
425,0903-4-lcr,1.0,word,1693723388.864966,1100.9999999999995,470.00000000000006,13.0,1.0,0.0,23,4
426,0903-4-lcr,1.0,word,1693723388.8971014,1112.999999999999,470.0000000000001,12.0,1.0,0.0,20,4
427,0903-4-lcr,1.0,word,1693723388.929541,1124.9999999999995,469.9999999999999,12.0,1.0,0.0,16,4
428,0903-4-lcr,1.0,word,1693723388.9618616,1134.9999999999998,470.0,10.0,1.0,0.0,14,4
429,0903-4-lcr,1.0,word,1693723388.9932923,1148.9999999999998,469.0,14.0356688476182,1.0,0.0,12,4
430,0903-4-lcr,1.0,word,1693723389.0253508,1171.9999999999998,469.00000000000006,23.0,1.0,0.0,10,4
431,0903-4-lcr,1.0,word,1693723389.0415106,1193.9999999999995,467.00000000000017,22.09072203437452,1.0,0.0,10,4
432,0903-4-lcr,1.0,word,1693723389.0729723,1207.999999999999,467.9999999999999,14.0356688476182,1.0,0.0,12,4
433,0903-4-lcr,1.0,word,1693723389.1049018,1221.9999999999998,467.9999999999999,14.0,1.0,0.0,13,4
434,0903-4-lcr,1.0,word,1693723389.1372151,1230.9999999999998,469.0,9.055385138137416,1.0,0.0,15,4
435,0903-4-lcr,1.0,word,1693723389.1687243,1238.9999999999995,467.99999999999983,8.06225774829855,1.0,0.0,14,4
436,0903-4-lcr,1.0,word,1693723389.2012925,1273.9999999999998,469.0,35.0142828000232,1.0,0.0,8,4
437,0903-4-lcr,1.0,word,1693723389.233008,1322.9999999999998,471.0000000000001,49.04079934095692,1.0,0.0,2,4
438,0903-4-lcr,1.0,word,1693723389.2652454,1355.999999999999,474.0,33.13608305156178,1.0,0.0,3,4
439,0903-4-lcr,1.0,word,1693723389.2971306,1384.999999999999,473.0,29.017236257093817,1.0,0.0,3,4
440,0903-4-lcr,1.0,word,1693723389.3293042,1403.999999999999,474.00000000000006,19.026297590440446,1.0,0.0,3,4
441,0903-4-lcr,1.0,word,1693723389.3607776,1415.999999999999,474.0,12.0,1.0,0.0,4,4
442,0903-4-lcr,1.0,word,1693723389.3926349,1428.9999999999995,474.0,13.0,1.0,0.0,4,4
443,0903-4-lcr,1.0,word,1693723389.4095044,1447.9999999999998,474.0,19.0,1.0,0.0,5,4
444,0903-4-lcr,1.0,word,1693723389.4416132,1466.0,475.00000000000006,18.027756377319943,1.0,0.0,6,4
445,0903-4-lcr,1.0,word,1693723389.473614,1478.9999999999998,476.0,13.038404810405298,1.0,0.0,5,4
446,0903-4-lcr,1.0,word,1693723389.504846,1490.999999999999,473.99999999999983,12.16552506059644,1.0,0.0,4,4
447,0903-4-lcr,1.0,word,1693723389.536875,1495.9999999999995,475.0000000000001,5.0990195135927845,1.0,0.0,4,4
448,0903-4-lcr,1.0,word,1693723389.569411,1475.9999999999998,475.0,20.0,1.0,0.0,5,4
449,0903-4-lcr,1.0,word,1693723389.585384,1328.9999999999998,470.0000000000001,147.08500943332058,1.0,0.0,2,4
450,0903-4-lcr,1.0,word,1693723389.63278,1082.9999999999995,458.99999999999983,246.24581214713075,1.0,0.0,19,4
451,0903-4-lcr,1.0,word,1693723389.6486988,917.0,456.00000000000006,166.02710622064097,1.0,0.0,2,4
452,0903-4-lcr,1.0,word,1693723389.6810353,829.9999999999999,455.0,87.00574693662483,1.0,0.0,1,4
453,0903-4-lcr,1.0,word,1693723389.7133672,788.0,454.0,42.01190307520001,1.0,0.0,5,4
454,0903-4-lcr,1.0,word,1693723389.7452123,767.9999999999998,455.0,20.024984394500787,1.0,0.0,9,4
455,0903-4-lcr,1.0,word,1693723389.7775042,757.0,456.0,11.04536101718726,1.0,0.0,11,4
456,0903-4-lcr,1.0,word,1693723389.8086596,749.0,454.0,8.246211251235321,1.0,0.0,11,4
457,0903-4-lcr,1.0,word,1693723389.8412411,745.9999999999998,452.0,3.605551275463989,1.0,0.0,10,4
458,0903-4-lcr,1.0,word,1693723389.8735538,742.9999999999999,451.00000000000006,3.1622776601683795,1.0,0.0,9,4
459,0903-4-lcr,1.0,word,1693723389.8894627,740.9999999999999,452.0,2.23606797749979,1.0,0.0,10,4
460,0903-4-lcr,1.0,word,1693723389.9207163,720.0,457.0,21.587033144922906,1.0,0.0,19,4
461,0903-4-lcr,1.0,word,1693723389.9527955,694.0,460.0,26.1725046566048,1.0,0.0,34,4
462,0903-4-lcr,1.0,word,1693723389.9850547,675.9999999999999,460.00000000000006,18.0,1.0,0.0,59,4
463,0903-4-lcr,1.0,word,1693723390.0169654,660.9999999999999,461.9999999999999,15.132745950421556,1.0,0.0,64,4
464,0903-4-lcr,1.0,word,1693723390.0489707,650.9999999999998,462.9999999999999,10.04987562112089,1.0,0.0,51,4
465,0903-4-lcr,1.0,word,1693723390.0807848,643.0,463.0,8.0,1.0,0.0,48,4
466,0903-4-lcr,1.0,word,1693723390.113051,636.0,465.0,7.280109889280518,1.0,0.0,46,4
467,0903-4-lcr,1.0,word,1693723390.1291137,607.9999999999998,475.9999999999999,30.083217912982647,1.0,0.0,34,4
468,0903-4-lcr,1.0,word,1693723390.1615057,561.0,492.00000000000006,49.64876634922564,1.0,0.0,22,4
469,0903-4-lcr,1.0,word,1693723390.2088127,527.0,503.99999999999983,36.05551275463989,1.0,0.0,3,4
470,0903-4-lcr,1.0,word,1693723390.2251475,504.0,512.9999999999999,24.698178070456937,1.0,0.0,6,2
471,0903-4-lcr,1.0,word,1693723390.2572806,487.99999999999983,519.9999999999998,17.46424919657298,1.0,0.0,6,2
472,0903-4-lcr,1.0,word,1693723390.2893004,476.0,523.0,12.36931687685298,1.0,0.0,5,2
473,0903-4-lcr,1.0,word,1693723390.3208714,468.9999999999999,528.0,8.602325267042627,1.0,0.0,5,2
474,0903-4-lcr,1.0,word,1693723390.3532977,463.0,533.9999999999999,8.48528137423857,1.0,0.0,4,2
475,0903-4-lcr,1.0,word,1693723390.385448,488.9999999999999,527.0,26.92582403567252,1.0,0.0,6,2
476,0903-4-lcr,1.0,word,1693723390.416706,521.9999999999999,520.0,33.734255586866,1.0,0.0,5,2
477,0903-4-lcr,1.0,word,1693723390.433013,604.0,505.0,83.3606621854697,1.0,0.0,26,4
478,0903-4-lcr,1.0,word,1693723390.4650412,684.9999999999999,487.0,82.97590011563598,1.0,0.0,56,4
479,0903-4-lcr,1.0,word,1693723390.497209,741.0,499.99999999999983,57.48912940721924,1.0,0.0,4,4
485,0903-4-lcr,1.0,word,1693723390.8007536,659.9999999999999,544.9999999999999,41.10960958218893,1.0,0.0,2,2
486,0903-4-lcr,1.0,word,1693723390.8327513,666.9999999999998,521.9999999999999,24.04163056034261,1.0,0.0,30,2
487,0903-4-lcr,1.0,word,1693723390.865245,673.9999999999999,509.0,14.7648230602334,1.0,0.0,35,4
488,0903-4-lcr,1.0,word,1693723390.8971312,677.9999999999999,499.0,10.770329614269007,1.0,0.0,52,4
489,0903-4-lcr,1.0,word,1693723390.929127,679.0000000000001,493.9999999999999,5.0990195135927845,1.0,0.0,58,4
490,0903-4-lcr,1.0,word,1693723390.945308,680.9999999999999,492.9999999999998,2.23606797749979,1.0,0.0,57,4
491,0903-4-lcr,1.0,word,1693723390.9767485,681.9999999999999,490.0,3.1622776601683795,1.0,0.0,58,4
492,0903-4-lcr,1.0,word,1693723391.009292,683.9999999999998,488.0,2.8284271247461903,1.0,0.0,57,4
493,0903-4-lcr,1.0,word,1693723391.040701,684.9999999999999,488.0,1.0,1.0,0.0,55,4
494,0903-4-lcr,1.0,word,1693723391.0729544,679.0,486.9999999999999,6.082762530298219,1.0,0.0,61,4
495,0903-4-lcr,1.0,word,1693723391.1051142,672.9999999999998,486.0,6.082762530298219,1.0,0.0,63,4
496,0903-4-lcr,1.0,word,1693723391.1373184,667.9999999999999,485.00000000000006,5.0990195135927845,1.0,0.0,65,4
497,0903-4-lcr,1.0,word,1693723391.1693182,662.9999999999999,485.0,5.0,1.0,0.0,67,4
498,0903-4-lcr,1.0,word,1693723391.20142,659.9999999999999,486.0,3.1622776601683795,1.0,0.0,65,4
499,0903-4-lcr,1.0,word,1693723391.21742,657.0,486.00000000000006,3.0,1.0,0.0,62,4
500,0903-4-lcr,1.0,word,1693723391.248917,654.9999999999999,486.0,2.0,1.0,0.0,62,4
501,0903-4-lcr,1.0,word,1693723391.281315,652.0,487.0,3.1622776601683795,1.0,0.0,60,4
502,0903-4-lcr,1.0,word,1693723391.3133547,652.9999999999998,487.00000000000006,1.0,1.0,0.0,61,4
503,0903-4-lcr,1.0,word,1693723391.3455467,654.0,487.00000000000006,1.0,1.0,0.0,61,4
504,0903-4-lcr,1.0,word,1693723391.376881,654.0,487.00000000000006,0.0,1.0,0.0,61,4
505,0903-4-lcr,1.0,word,1693723391.4090033,655.0000000000001,488.0000000000001,1.4142135623730951,1.0,0.0,61,4
506,0903-4-lcr,1.0,word,1693723391.441375,654.9999999999999,487.0,1.0,1.0,0.0,62,4
507,0903-4-lcr,1.0,word,1693723391.4726565,655.9999999999999,488.00000000000006,1.4142135623730951,1.0,0.0,61,4
508,0903-4-lcr,1.0,word,1693723391.5049503,655.9999999999999,488.00000000000006,0.0,1.0,0.0,61,4
509,0903-4-lcr,1.0,word,1693723391.5212429,657.0,487.0,1.4142135623730951,1.0,0.0,62,4
510,0903-4-lcr,1.0,word,1693723391.553403,665.0,491.00000000000006,8.94427190999916,1.0,0.0,64,4
